{
  "CER": 1.255461111321924,
  "WER": 1.5984079372404245,
  "per_book": {
    "multiple": {
      "edits": 16524,
      "chars": 13375,
      "lines": 317,
      "CER": 1.2354392523364486
    },
    "antiqua": {
      "edits": 27301,
      "chars": 19335,
      "lines": 653,
      "CER": 1.4119989656064131
    },
    "bastarda": {
      "edits": 16498,
      "chars": 12983,
      "lines": 310,
      "CER": 1.270738658245398
    },
    "fraktur": {
      "edits": 37957,
      "chars": 28234,
      "lines": 656,
      "CER": 1.3443720337182121
    },
    "gotico-antiqua": {
      "edits": 10067,
      "chars": 7359,
      "lines": 170,
      "CER": 1.3679847805408343
    },
    "italic": {
      "edits": 16172,
      "chars": 10507,
      "lines": 289,
      "CER": 1.5391643666127344
    },
    "rotunda": {
      "edits": 51243,
      "chars": 46924,
      "lines": 980,
      "CER": 1.0920424516239025
    },
    "schwabacher": {
      "edits": 10576,
      "chars": 8479,
      "lines": 209,
      "CER": 1.2473169005778983
    },
    "textura": {
      "edits": 12173,
      "chars": 10922,
      "lines": 243,
      "CER": 1.1145394616370627
    }
  },
  "per_fontmix": {
    "multiple": {
      "edits": 16524,
      "chars": 13375,
      "lines": 317,
      "CER": 1.2354392523364486
    },
    "single": {
      "edits": 181987,
      "chars": 144743,
      "lines": 3510,
      "CER": 1.2573112343947548
    }
  }
}